episode,total_reward,avg_toxicity,epsilon,propensity_a,propensity_b
0,-73.0,0.16198753,0.995,0.6092279245045783,0.6556568186312781
1,-86.0,0.14248227,0.990025,0.17422321575783178,0.2590599001858544
2,-108.0,0.22571827,0.985074875,0.7106966391952284,0.2749636394110033
3,-54.0,0.23703325,0.9801495006250001,0.719835728464001,0.6276504532255607
4,-123.0,0.10644514,0.9752487531218751,0.39244276643034337,0.2481717740727017
5,-97.0,0.17503804,0.9703725093562657,0.3201192270743932,0.7941279139221591
6,-30.0,0.18392959,0.9655206468094844,0.6418181914781308,0.5196471268746216
7,-91.0,0.17968802,0.960693043575437,0.526098900575651,0.3245559746594324
8,-79.0,0.17033595,0.9558895783575597,0.5893458286940484,0.17866241008728945
9,-103.0,0.16993931,0.9511101304657719,0.3665104369654665,0.1479098151882704
10,-129.0,0.16426973,0.946354579813443,0.7966883168385016,0.7501364972369299
11,-52.0,0.15705965,0.9416228069143757,0.7780245803866693,0.10787927598045312
12,-74.0,0.1551901,0.9369146928798039,0.7841538932031932,0.28632411339019026
13,-129.0,0.10490891,0.9322301194154049,0.2880513723778769,0.3945229603489122
14,-89.0,0.16612141,0.9275689688183278,0.6766180487497809,0.3047718711496105
15,-125.0,0.19266045,0.9229311239742362,0.7106959813675947,0.2890263273306557
16,-136.0,0.15383893,0.918316468354365,0.3953938862854458,0.7351080541125211
17,-73.0,0.2022739,0.9137248860125932,0.5516260326596694,0.6298210574955946
18,-66.0,0.15401164,0.9091562615825302,0.1573290066706397,0.3673650729654928
19,-91.0,0.1669924,0.9046104802746175,0.16985382088516598,0.3132032560479159
20,-126.0,0.20625514,0.9000874278732445,0.6411750563877175,0.25282907877626765
21,-124.0,0.1584419,0.8955869907338783,0.16088869363852787,0.7487599406093821
22,-77.0,0.15616533,0.8911090557802088,0.5280292163711414,0.405408446115073
23,-26.0,0.17403013,0.8866535105013078,0.14853212513385963,0.2627315329229242
24,-89.0,0.22536087,0.8822202429488013,0.4944946611911464,0.5830588136314103
25,-96.0,0.12853481,0.8778091417340573,0.4264216827765629,0.2347350849035319
26,-78.0,0.12556674,0.8734200960253871,0.7340443226423943,0.17462533289618903
27,-76.0,0.18638936,0.8690529955452602,0.6466142149651096,0.19698795887901974
28,-103.0,0.13677302,0.8647077305675338,0.46839134969798224,0.16073914773380826
29,-61.0,0.10147806,0.8603841919146962,0.26049069942102854,0.11157102348946799
30,-81.0,0.22548237,0.8560822709551227,0.4570610442237405,0.631073274756108
31,-1.0,0.23255959,0.851801859600347,0.7436530338643472,0.4315379760379926
32,-46.0,0.21860008,0.8475428503023453,0.3551935098049809,0.7301204379118734
33,-23.0,0.1734545,0.8433051360508336,0.5996010126853872,0.6953581861697602
34,-10.0,0.24106316,0.8390886103705794,0.6235136960301244,0.5673971090374532
35,-36.0,0.14537516,0.8348931673187264,0.5347967708146713,0.584551664230011
36,-95.0,0.14084727,0.8307187014821328,0.2676616757722342,0.5443424751118332
37,-112.0,0.09394171,0.8265651079747222,0.14752584495909785,0.4556425675352406
38,-36.0,0.18662648,0.8224322824348486,0.7743580343784283,0.5822841116416739
39,-55.0,0.17555238,0.8183201210226743,0.38816630250609163,0.42603313764290873
40,-107.0,0.13597047,0.8142285204175609,0.18373225788501807,0.505643826167219
41,-7.0,0.22456247,0.810157377815473,0.6470829807020184,0.22325632549402358
42,33.0,0.22466116,0.8061065909263957,0.796005997400227,0.6808123143590546
43,-78.0,0.1724247,0.8020760579717637,0.31982770029949803,0.19171847047994303
44,-18.0,0.19030201,0.798065677681905,0.6366872958106415,0.6763320710252658
45,-23.0,0.17062849,0.7940753492934954,0.4441314800054311,0.3898877602528714
46,-35.0,0.20803963,0.7901049725470279,0.5436327777228618,0.48638661956689877
47,-26.0,0.21040134,0.7861544476842928,0.7720574925331438,0.24573816904554133
48,-72.0,0.1583469,0.7822236754458713,0.21682889472420452,0.7723761145962083
49,-71.0,0.14459799,0.778312557068642,0.40520162570383456,0.5435997381521838
50,-22.0,0.15402046,0.7744209942832988,0.3747412212454504,0.2625810265779833
51,-47.0,0.17289142,0.7705488893118823,0.5310900261885084,0.45480256114321893
52,-32.0,0.18057382,0.7666961448653229,0.13122449509361817,0.39302519363525323
53,-74.0,0.161413,0.7628626641409962,0.4071475587432226,0.23023355171365834
54,-20.0,0.19111612,0.7590483508202912,0.19210699141211604,0.45523052768481775
55,-44.0,0.1548098,0.7552531090661897,0.3798492913853916,0.31172388023257536
56,-41.0,0.14823318,0.7514768435208588,0.22442527303497323,0.20998070771758698
57,-67.0,0.16965874,0.7477194593032545,0.2974540090893846,0.5404637855592102
58,-78.0,0.20738679,0.7439808620067382,0.3021674317235581,0.7722140142102462
59,17.0,0.22829121,0.7402609576967045,0.7980906857177421,0.645097646009898
60,-17.0,0.16998598,0.736559652908221,0.10768654449850906,0.7416698606380765
61,-70.0,0.18518396,0.7328768546436799,0.2200287528508986,0.32974195644165105
62,-44.0,0.17701569,0.7292124703704616,0.49948684309160063,0.5213242548639064
63,-45.0,0.13870502,0.7255664080186093,0.23545046313608708,0.22630682020305337
64,-30.0,0.14412884,0.7219385759785162,0.5888514893829256,0.11156934103059417
65,-85.0,0.11024913,0.7183288830986236,0.1920768137986561,0.1005424255731952
66,-57.0,0.103472754,0.7147372386831305,0.10867610002880189,0.11164463675347779
67,-32.0,0.17346866,0.7111635524897149,0.5728912301152693,0.46714313963281007
68,-45.0,0.1341724,0.7076077347272662,0.30354767031751895,0.26566250035379774
69,83.0,0.25627193,0.7040696960536299,0.7996923049508566,0.617866536096231
70,-6.0,0.1894175,0.7005493475733617,0.432724837500282,0.4592982834543231
71,-62.0,0.16110644,0.697046600835495,0.7037315172343721,0.15404663513138564
72,-52.0,0.12840456,0.6935613678313175,0.696995043597862,0.11232026604106943
73,7.0,0.22221708,0.6900935609921609,0.5527717683004045,0.672659698694948
74,-49.0,0.15718375,0.6866430931872001,0.4458923006519895,0.6382220914552935
75,-57.0,0.15224972,0.6832098777212641,0.3778714382969989,0.341740531642196
76,-32.0,0.1752709,0.6797938283326578,0.12863106534890414,0.43114196110549663
77,-45.0,0.14171912,0.6763948591909945,0.715516788236437,0.3365569225346641
78,-82.0,0.13138334,0.6730128848950395,0.3563379252480181,0.10911071238177472
79,-45.0,0.13858251,0.6696478204705644,0.19814107351424548,0.34821077718201854
80,-48.0,0.15656006,0.6662995813682115,0.7229977017440777,0.19862912684354966
81,0.0,0.18388437,0.6629680834613705,0.1000157293024945,0.7986795124568254
82,-59.0,0.23043893,0.6596532430440636,0.40011088275236395,0.35698755312327335
83,-49.0,0.16954659,0.6563549768288433,0.38995766725682346,0.4801385342145845
84,18.0,0.21002749,0.653073201944699,0.3242937992369783,0.5335961422424769
85,9.0,0.1691641,0.6498078359349755,0.239276611238302,0.7412833247630222
86,-4.0,0.25864348,0.6465587967553006,0.6666783262513701,0.3754562303101052
87,-1.0,0.17674567,0.6433260027715241,0.7510725592633927,0.24476736324687995
88,-63.0,0.15985912,0.6401093727576664,0.49699374648549943,0.39927092909629125
89,-34.0,0.16947721,0.6369088258938781,0.3237671275709979,0.4956869045021717
90,0.0,0.1908544,0.6337242817644086,0.724614513153092,0.5582347266225484
91,8.0,0.1558444,0.6305556603555866,0.24402794823630933,0.1663970400317519
92,0.0,0.17806028,0.6274028820538087,0.6995293172030033,0.11714621182485788
93,-15.0,0.16077684,0.6242658676435396,0.4351046396905174,0.43140813330163064
94,-5.0,0.18387814,0.6211445383053219,0.336906883759176,0.46212103830785567
95,-15.0,0.17435068,0.6180388156137953,0.6694629594378837,0.1483201277272672
96,-72.0,0.16205847,0.6149486215357263,0.22889546607620226,0.28068966515245397
97,-58.0,0.24811596,0.6118738784280476,0.6525018247749822,0.295049650774934
98,-60.0,0.12541552,0.6088145090359074,0.15505332333231303,0.6724300293245227
99,-26.0,0.16397242,0.6057704364907278,0.2578252255579328,0.6196903621438677
100,11.0,0.16823463,0.6027415843082742,0.7356335135555412,0.1834906206910616
101,-9.0,0.27810258,0.5997278763867329,0.7932993416146533,0.6326827230273244
102,13.0,0.19963992,0.5967292370047992,0.5140086577322366,0.5699083417276526
103,-21.0,0.23246236,0.5937455908197752,0.51038724017891,0.5361832158578831
104,-6.0,0.33896187,0.5907768628656763,0.7584446837971539,0.7275232057494737
105,-18.0,0.14508972,0.5878229785513479,0.1497035747249699,0.36576852342367505
106,0.0,0.19291635,0.5848838636585911,0.4159657935109641,0.7357122272641523
107,3.0,0.1379196,0.5819594443402982,0.5348883235475078,0.3623647177917855
108,33.0,0.23318534,0.5790496471185967,0.734681591046562,0.5998288770959892
109,-11.0,0.20669283,0.5761543988830038,0.7209923261345854,0.14181819049184222
110,37.0,0.1941927,0.5732736268885887,0.24631412744401338,0.6393675919130705
111,-14.0,0.18307044,0.5704072587541458,0.13415646236861048,0.3488568277730535
112,71.0,0.23683465,0.567555222460375,0.47195019101247593,0.7910295239599399
113,81.0,0.25426465,0.5647174463480732,0.73994337556726,0.592858361855038
114,59.0,0.20484337,0.5618938591163328,0.7630298656641703,0.22295113072936912
115,-36.0,0.14831652,0.5590843898207511,0.11868621250887337,0.7363085699901271
116,-14.0,0.2682898,0.5562889678716474,0.6777951306204837,0.5535033078197549
117,69.0,0.21957695,0.5535075230322891,0.6468460705010821,0.7326578843950382
118,-3.0,0.26114878,0.5507399854171277,0.604980354991305,0.6939642872566812
119,-32.0,0.23099548,0.547986285490042,0.6289781803631774,0.5769455814632383
120,-51.0,0.12734453,0.5452463540625918,0.45386375216381936,0.3061070675636765
121,-20.0,0.18856826,0.5425201222922789,0.5688301771538316,0.4121003622457765
122,-23.0,0.26795974,0.5398075216808175,0.5579328049852663,0.5504885985964884
123,58.0,0.26239425,0.5371084840724134,0.6927009960813827,0.40594530973953036
124,-23.0,0.15161175,0.5344229416520513,0.21313397815171536,0.50889345806575
125,15.0,0.25412443,0.531750826943791,0.738327114139997,0.5462652906841389
126,5.0,0.14184386,0.5290920728090721,0.3876061845679476,0.19658143848019366
127,44.0,0.1780513,0.5264466124450268,0.513889778187852,0.7769998109424202
128,1.0,0.19010441,0.5238143793828016,0.15779862570478775,0.6671949916653934
129,-41.0,0.2345786,0.5211953074858876,0.11424317410543174,0.7285630807155322
130,-69.0,0.14356434,0.5185893309484582,0.28143066390416194,0.16015331365043245
131,31.0,0.21902716,0.5159963842937159,0.6910605721742712,0.30517107787400155
132,18.0,0.1814909,0.5134164023722473,0.5661932924231063,0.4060807260142345
133,-18.0,0.16256423,0.510849320360386,0.3370093376751161,0.2837772279454288
134,38.0,0.22750781,0.5082950737585841,0.5185283338191249,0.7596089237154493
135,-63.0,0.2014342,0.5057535983897912,0.7830177823225359,0.5735285384976929
136,23.0,0.21647467,0.5032248303978422,0.5031544003339248,0.3402731601159276
137,2.0,0.2807918,0.500708706245853,0.7961231889838485,0.36749721813511516
138,42.0,0.22318052,0.4982051627146237,0.5234653646230659,0.3491786681662691
139,23.0,0.16780953,0.49571413690105054,0.20588688945592626,0.7419570531735297
140,68.0,0.27518594,0.4932355662165453,0.47068415011938913,0.4040644494750424
141,-36.0,0.16510522,0.4907693883854626,0.18922632881707574,0.39770636896340494
142,17.0,0.19467016,0.4883155414435353,0.674868376889065,0.4859378480286374
143,-31.0,0.12953614,0.4858739637363176,0.37688022118392617,0.36647998967446216
144,19.0,0.21741457,0.483444593917636,0.6807432328206192,0.29882997651837445
145,31.0,0.21821758,0.4810273709480478,0.5683205919710321,0.1447985542784145
146,2.0,0.20359287,0.47862223409330756,0.13433619380309586,0.6298623149117676
147,-4.0,0.20807771,0.47622912292284103,0.6062424128223163,0.23534995488146507
148,-15.0,0.13777702,0.4738479773082268,0.1825458815549679,0.5918695688721193
149,24.0,0.170599,0.47147873742168567,0.5136263515027142,0.4950015103772053
150,14.0,0.14329663,0.46912134373457726,0.1422341942010371,0.7448719234572049
151,15.0,0.14804809,0.46677573701590436,0.3609485009204113,0.38447804355612447
152,62.0,0.18788603,0.46444185833082485,0.5616206890120248,0.24605094034262215
153,15.0,0.20680225,0.46211964903917074,0.37500377230700876,0.3400661396952812
154,-7.0,0.13252348,0.4598090507939749,0.11735115320413979,0.5983492366063349
155,-13.0,0.29500726,0.457510005540005,0.4014418960780086,0.5745839907152304
156,6.0,0.15255412,0.45522245551230495,0.38843828907562805,0.1579126460929871
157,14.0,0.14049065,0.4529463432347434,0.3051567288702757,0.13809507321314793
158,77.0,0.29287812,0.4506816115185697,0.7533025296852093,0.5428813537784666
159,65.0,0.19358306,0.4484282034609769,0.16873081655844083,0.7490653916292046
160,12.0,0.25318718,0.446186062443672,0.12387335158746374,0.7840568563486029
161,74.0,0.26541948,0.4439551321314536,0.6779807834097786,0.5109800799536862
162,54.0,0.22232813,0.4417353564707963,0.5591341875077296,0.4594617715650252
163,-20.0,0.17801481,0.43952667968844233,0.3760207168242362,0.33491638408159835
164,-29.0,0.14984117,0.43732904629000013,0.29230599961039505,0.7773501439089915
165,40.0,0.20672438,0.4351424010585501,0.4919565067310496,0.29677315900143797
166,23.0,0.16477858,0.43296668905325736,0.29416589753876854,0.42348144553749123
167,60.0,0.21480629,0.43080185560799106,0.4553382163546994,0.7137754831675328
168,-11.0,0.18617244,0.4286478463299511,0.6815141625906991,0.20017331047137532
169,44.0,0.1887549,0.42650460709830135,0.2000232324206091,0.3021881330466202
170,37.0,0.21713854,0.42437208406280985,0.6430003497261871,0.6630116013400313
171,35.0,0.1708361,0.4222502236424958,0.11779990257739374,0.6494236806131105
172,76.0,0.27806842,0.42013897252428334,0.6835680891916095,0.7751305487435325
173,33.0,0.19459657,0.4180382776616619,0.38240030829120364,0.44278601959129227
174,37.0,0.18746902,0.4159480862733536,0.14251365790181292,0.3513320497665331
175,32.0,0.18491043,0.41386834584198684,0.45201738077399867,0.2519634497838337
176,29.0,0.18088695,0.4117990041127769,0.14507666608797554,0.5886765033294645
177,79.0,0.2642863,0.40974000909221303,0.7140490519755804,0.40169389059525984
178,9.0,0.20529261,0.40769130904675194,0.43396606918236014,0.7864798468679243
179,6.0,0.1791995,0.40565285250151817,0.38210049918010225,0.35162726316480386
180,-11.0,0.15353745,0.4036245882390106,0.2939913002754169,0.408255012183223
181,11.0,0.13849883,0.4016064652978155,0.20494249488679067,0.3936712228904786
182,6.0,0.17742768,0.3995984329713264,0.49076319673056734,0.6386226215998675
183,-6.0,0.14721248,0.3976004408064698,0.49876506562878353,0.277738992070905
184,-11.0,0.2089824,0.39561243860243744,0.3216971470353104,0.7377302831050255
185,36.0,0.2129294,0.3936343764094253,0.2170356301289315,0.5571583107178338
186,19.0,0.2328161,0.39166620452737816,0.5318631411870652,0.7424972638490496
187,-17.0,0.14867501,0.3897078735047413,0.763188366178461,0.44524855144511066
188,129.0,0.28024042,0.3877593341372176,0.6106373170060901,0.6729501289331428
189,8.0,0.15638688,0.3858205374665315,0.3092994475837931,0.17688657317193845
190,53.0,0.18330023,0.38389143477919885,0.6319119841583369,0.7423743319664756
191,27.0,0.18943733,0.3819719776053028,0.6618526425853554,0.44301639580908847
192,-3.0,0.17338437,0.3800621177172763,0.5298984946879239,0.31115496785007185
193,74.0,0.18244217,0.37816180712868996,0.5677469369408187,0.6754146335108618
194,35.0,0.16927698,0.37627099809304654,0.22926772433180712,0.7455619814187309
195,60.0,0.20173065,0.3743896431025813,0.16268101973585974,0.38087572547191284
196,-3.0,0.13257825,0.37251769488706843,0.3155541058178496,0.3525135929399197
197,53.0,0.21831109,0.3706551064126331,0.5784725567978163,0.7708902818206143
198,39.0,0.2627234,0.36880183088056995,0.39759001782761305,0.6183313102865146
199,27.0,0.20436662,0.3669578217261671,0.3455338914595734,0.23100828626752273
200,67.0,0.29273805,0.36512303261753626,0.7094778304849068,0.5158061719603182
201,91.0,0.25923336,0.3632974174544486,0.6445674918800189,0.639575044353167
202,48.0,0.2063966,0.3614809303671764,0.11426371164748084,0.34684782996473706
203,72.0,0.24575531,0.3596735257153405,0.4267488759901106,0.753302064386725
204,98.0,0.2159765,0.3578751580867638,0.4866980501631084,0.6743619222062617
205,5.0,0.2115938,0.35608578229633,0.2566243080905639,0.19124714568912896
206,-54.0,0.115278505,0.3543053533848483,0.10747339878068121,0.15682882388955804
207,77.0,0.19493636,0.35253382661792404,0.29813500207766896,0.5543771101749452
208,66.0,0.20425025,0.3507711574848344,0.1188572720083732,0.4543503864414413
209,49.0,0.2721811,0.34901730169741024,0.6763743167636214,0.34670821558375187
210,58.0,0.24298415,0.3472722151889232,0.5045024604780471,0.727927662083403
211,36.0,0.2148236,0.3455358541129786,0.7671066579789568,0.6699722062308595
212,23.0,0.16167551,0.3438081748424137,0.1543467226071052,0.3643260717881215
213,29.0,0.22153255,0.3420891339682016,0.6094817541230843,0.5747279809075181
214,49.0,0.22342728,0.3403786882983606,0.6677635760613,0.46939254309524125
215,-1.0,0.13507424,0.3386767948568688,0.7003181152726119,0.15497227338234332
216,-2.0,0.16455507,0.33698341088258443,0.12137439189029793,0.6078140470003517
217,-23.0,0.16748236,0.3352984938281715,0.3482576540702139,0.3637320104258389
218,37.0,0.2146364,0.33362200135903064,0.31660450096236264,0.6481425140612359
219,62.0,0.20249262,0.33195389135223546,0.6079087195324584,0.42035078129625725
220,15.0,0.17550005,0.3302941218954743,0.7454353755809279,0.283937884619593
221,28.0,0.21806191,0.32864265128599696,0.7989029020818204,0.6823280109612914
222,57.0,0.20865715,0.326999438029567,0.1860445621147373,0.6312506101975782
223,19.0,0.19742072,0.3253644408394192,0.3339243873324923,0.28258299453547775
224,53.0,0.17799461,0.3237376186352221,0.3429803825144154,0.5104115107422585
225,14.0,0.113627575,0.322118930542046,0.38810689587166713,0.12644095777775835
226,51.0,0.20382456,0.32050833588933575,0.20084047615421124,0.7004378398595794
227,85.0,0.2871549,0.31890579420988907,0.6661522674320788,0.20486040529087246
228,36.0,0.1795694,0.3173112652388396,0.12293574098255372,0.7004856182705512
229,62.0,0.16941546,0.3157247089126454,0.7808094596983225,0.1416906104691097
230,17.0,0.14291666,0.3141460853680822,0.4408745782825464,0.1458281615907195
231,54.0,0.19113955,0.3125753549412418,0.31232532898553966,0.6723731725268999
232,20.0,0.11451666,0.31101247816653554,0.14297283577176634,0.12906188764030607
233,31.0,0.19092116,0.30945741577570285,0.5260976649631138,0.3891377393750146
234,69.0,0.20817396,0.3079101286968243,0.5203217446841909,0.3016328756494673
235,60.0,0.21366748,0.3063705780533402,0.22689760482431057,0.3625457993125599
236,12.0,0.18853296,0.30483872516307353,0.15382547881573186,0.7055929399624229
237,-18.0,0.22608928,0.3033145315372582,0.45774834298974976,0.2727545353595152
238,7.0,0.19989654,0.3017979588795719,0.3342592549272305,0.7085134810424732
239,47.0,0.16263689,0.30028896908517405,0.4178082883597657,0.10004256617621664
240,67.0,0.2537313,0.2987875242397482,0.755920987349588,0.6083222741338592
241,83.0,0.19961634,0.29729358661854943,0.4083390322354986,0.6127352824985752
242,74.0,0.2106642,0.29580711868545667,0.3763864685991394,0.24140695407286372
243,39.0,0.18363276,0.2943280830920294,0.7897534009395114,0.11473602700713621
244,113.0,0.22387607,0.29285644267656924,0.3623015343797219,0.6826672994630147
245,68.0,0.22430593,0.2913921604631864,0.731532065576413,0.2912110367181161
246,77.0,0.20092863,0.28993519966087045,0.2731531505800968,0.35768065432035323
247,78.0,0.20921981,0.2884855236625661,0.23362618271649727,0.6691396158537128
248,56.0,0.17928477,0.28704309604425327,0.524218846520306,0.4170403834196319
249,59.0,0.14895815,0.285607880564032,0.23470576288885622,0.1608416645648219
250,95.0,0.2079138,0.28417984116121187,0.21101179082349675,0.24131586854546114
251,55.0,0.22119977,0.2827589419554058,0.3739693284296589,0.3203610138698241
252,37.0,0.19646269,0.28134514724562876,0.7856805166287588,0.2457743688373966
253,88.0,0.32525718,0.2799384215094006,0.6844102369739837,0.5972201556420761
254,47.0,0.13585421,0.27853872940185365,0.16938445277724262,0.36617538506758385
255,129.0,0.27680892,0.27714603575484437,0.5621070802459069,0.7137124083292048
256,82.0,0.25357845,0.2757603055760701,0.7448344667427922,0.40955454039317185
257,88.0,0.27988175,0.2743815040481898,0.33097892095305126,0.7823306556648709
258,47.0,0.22738819,0.2730095965279488,0.21208315536786732,0.44129181267896767
259,-2.0,0.15572363,0.27164454854530906,0.42547118724195254,0.20396139342862868
260,63.0,0.19923018,0.2702863258025825,0.17448778460838704,0.6261474141332597
261,17.0,0.26035836,0.2689348941735696,0.45908932658011714,0.789113742226183
262,72.0,0.19812647,0.26759021970270175,0.23276965831011792,0.47580211853479193
263,79.0,0.23162486,0.2662522686041882,0.40573802718788354,0.17754286327184532
264,35.0,0.16674839,0.2649210072611673,0.16105814977996555,0.193706996929467
265,38.0,0.23730017,0.26359640222486147,0.6806085869921394,0.5346663892713358
266,89.0,0.18952082,0.26227842021373715,0.2214430787783374,0.3599660885782663
267,61.0,0.22461155,0.2609670281126685,0.49118627896983935,0.37525757565761964
268,34.0,0.17306083,0.25966219297210513,0.11948472592061195,0.432748787961193
269,114.0,0.266273,0.2583638820072446,0.796338346953038,0.3147746186922007
270,48.0,0.18317808,0.2570720625972084,0.12479173904152399,0.29377890887413627
271,33.0,0.19361034,0.25578670228422234,0.3127500448693029,0.24769142120757573
272,115.0,0.3244121,0.25450776877280124,0.5321934302609952,0.5733490221815515
273,59.0,0.18370616,0.2532352299289372,0.2567227111128608,0.48898389965499667
274,63.0,0.19785015,0.2519690537792925,0.46003977870000845,0.6487703405164327
275,34.0,0.20026998,0.2507092085103961,0.770579253227778,0.7360093322383058
276,60.0,0.19254884,0.2494556624678441,0.5030708539509615,0.25312689556001955
277,85.0,0.23784657,0.24820838415550486,0.2563406042728346,0.27182706614823726
278,113.0,0.2579257,0.24696734223472733,0.7143213362079985,0.7249327279416864
279,67.0,0.22874075,0.2457325055235537,0.610315988656769,0.30364030832378625
280,101.0,0.21716881,0.24450384299593592,0.5045987749232576,0.411161775630416
281,66.0,0.2270242,0.24328132378095624,0.37310435518851914,0.3532784867293741
282,83.0,0.3029319,0.24206491716205145,0.659999083952657,0.6220754101586491
283,51.0,0.22512104,0.2408545925762412,0.595881718969854,0.7540468740612133
284,107.0,0.23947655,0.23965031961336,0.4085387623979939,0.5288477693414957
285,27.0,0.15136549,0.2384520680152932,0.23260128276457956,0.1616319026597533
286,134.0,0.22297145,0.23725980767521673,0.2481789902878555,0.4322873225071667
287,95.0,0.174571,0.23607350863684065,0.21937927179595726,0.5515603603436099
288,61.0,0.21697603,0.23489314109365644,0.18678766452923964,0.6455282281527587
289,79.0,0.2356022,0.23371867538818816,0.6118067727872085,0.5510953959091858
290,89.0,0.28472576,0.23255008201124722,0.7691835537491823,0.517576304848497
291,68.0,0.18743004,0.231387331601191,0.5919856985267091,0.5741556393962493
292,110.0,0.21156439,0.23023039494318503,0.4571055969869341,0.4687021116605915
293,119.0,0.22959109,0.2290792429684691,0.3859308526990326,0.7936412104115889
294,32.0,0.1616621,0.22793384675362674,0.12206148766375657,0.16694183327923873
295,15.0,0.16855967,0.22679417751985861,0.41148791790164496,0.6298374059469571
296,128.0,0.25319532,0.22566020663225933,0.7604414886206124,0.22361764510072407
297,21.0,0.19897398,0.22453190559909803,0.3352701251810016,0.7500110346301331
298,93.0,0.23997179,0.22340924607110255,0.5958601755991588,0.4603914527351093
299,18.0,0.14148547,0.22229219984074702,0.1347295205918345,0.5050088089245822
300,95.0,0.28362632,0.2211807388415433,0.739051377827839,0.1996692576374973
301,61.0,0.25641733,0.22007483514733558,0.7812999235360636,0.579659283508763
302,94.0,0.19896601,0.2189744609715989,0.7619366251453916,0.6401572563786039
303,99.0,0.21486114,0.2178795886667409,0.681062554344613,0.3351647844843464
304,50.0,0.15943676,0.2167901907234072,0.13179987431927537,0.5736745448155367
305,131.0,0.2597224,0.21570623976979014,0.3750259167427231,0.5743651222786762
306,23.0,0.22583367,0.21462770857094118,0.31514731631906645,0.4095651263616694
307,100.0,0.26705796,0.21355457002808648,0.768858889904144,0.6055424285884092
308,58.0,0.20067352,0.21248679717794605,0.41499669242195114,0.18799379414150652
309,104.0,0.29971942,0.21142436319205632,0.7310043586584941,0.5042466168372868
310,89.0,0.19116804,0.21036724137609603,0.18162462974677995,0.1260059554979945
311,137.0,0.25362033,0.20931540516921554,0.3309742965999645,0.3803853224519158
312,58.0,0.24189897,0.20826882814336947,0.6370637834649254,0.5819682431098582
313,33.0,0.2504853,0.20722748400265262,0.32648168412869616,0.5584735986599689
314,101.0,0.22789,0.20619134658263935,0.15309272453891887,0.7315923832691906
315,96.0,0.21548884,0.20516038984972615,0.7151360391052118,0.6697799131755393
316,42.0,0.17090851,0.2041345879004775,0.31134744366229805,0.38863838603590584
317,48.0,0.19527933,0.2031139149609751,0.30014868602900824,0.5336012253062106
318,78.0,0.21134827,0.20209834538617025,0.7451154524969569,0.3252638618322975
319,29.0,0.24492699,0.2010878536592394,0.5035412413876664,0.5318696466339479
320,95.0,0.193994,0.2000824143909432,0.40269032108681757,0.47097763309231644
321,57.0,0.18320473,0.19908200231898848,0.36089865952446254,0.3347620537771809
322,56.0,0.24560104,0.19808659230739353,0.7905747260557185,0.6328284776240999
323,119.0,0.23479852,0.19709615934585656,0.6000953871813371,0.24667634773861738
324,96.0,0.2432266,0.19611067854912728,0.7898164507870391,0.7678558885675879
325,100.0,0.26608646,0.19513012515638165,0.7291618477909223,0.6406059498846649
326,83.0,0.18739484,0.19415447453059972,0.39118788543573035,0.5245974971946564
327,95.0,0.29590422,0.19318370215794672,0.7938034994093502,0.798344835173887
328,18.0,0.11916567,0.192217783647157,0.4763312161603134,0.2087037585102618
329,84.0,0.20726515,0.1912566947289212,0.25041977428952966,0.6943023850865329
330,84.0,0.21774206,0.1903004112552766,0.46090951924299317,0.3629977105415412
331,77.0,0.17124262,0.18934890919900021,0.3218828587392748,0.19001384322400566
332,128.0,0.25643003,0.18840216465300522,0.7054036452705374,0.4199569026152742
333,61.0,0.21490365,0.18746015382974018,0.32578199156552534,0.7579236080455842
334,80.0,0.28009814,0.1865228530605915,0.5156461712528824,0.787968898935998
335,84.0,0.25335225,0.18559023879528855,0.6106351303988844,0.6828763278325886
336,32.0,0.11706771,0.1846622876013121,0.14991016061845325,0.2057780425679665
337,87.0,0.2324207,0.18373897616330553,0.24281876525842153,0.61345303614071
338,42.0,0.12659784,0.182820281282489,0.12544884411453322,0.15298516430283432
339,111.0,0.2248686,0.18190617987607657,0.30741020599672586,0.3858858513366138
340,41.0,0.1377503,0.18099664897669618,0.20867182677239188,0.19841333274125608
341,81.0,0.1946298,0.1800916657318127,0.14855050777660328,0.2831690470943976
342,60.0,0.18983315,0.17919120740315364,0.3530208356249911,0.2133201205566776
343,48.0,0.17117253,0.17829525136613786,0.11570032672993752,0.589312476177199
344,75.0,0.23142019,0.17740377510930716,0.7412939399462695,0.6400145224792734
345,104.0,0.21169133,0.17651675623376062,0.4605050398004077,0.6569089983267729
346,70.0,0.20652218,0.1756341724525918,0.5052661606343097,0.2923541808327659
347,81.0,0.2206221,0.17475600159032884,0.6788537159338379,0.7250889226274385
348,140.0,0.2667765,0.17388222158237718,0.5651369752140812,0.6742083174790442
349,90.0,0.20899284,0.1730128104744653,0.5444509380549717,0.21033191644187466
350,49.0,0.20302066,0.17214774642209296,0.478536522773348,0.12651102851197438
351,33.0,0.16848673,0.1712870076899825,0.6636963410092113,0.129616907188539
352,84.0,0.2745723,0.17043057265153258,0.6146707971483375,0.602390716453141
353,83.0,0.16712457,0.16957841978827493,0.1368054724839855,0.4882250548858912
354,78.0,0.20192917,0.16873052768933355,0.5943662297132005,0.11331198365152903
355,93.0,0.23447208,0.1678868750508869,0.5439940177996168,0.1732023156084717
356,132.0,0.27287814,0.16704744067563246,0.49497712752442724,0.4899202849011177
357,87.0,0.19574171,0.1662122034722543,0.4322430893229785,0.3678823866656623
358,106.0,0.26171264,0.16538114245489302,0.7004490546957545,0.4500067232138212
359,122.0,0.26342267,0.16455423674261854,0.4356714440981895,0.7011201284566166
360,74.0,0.15893847,0.16373146555890544,0.10596814988124213,0.22691949745873788
361,98.0,0.21473566,0.16291280823111093,0.4396923058056833,0.2682929965570111
362,99.0,0.21955082,0.16209824418995536,0.7791007640425871,0.4416704048402813
363,80.0,0.28791338,0.16128775296900558,0.4073511608581917,0.6794372129362414
364,111.0,0.25450748,0.16048131420416054,0.3363221759846655,0.28124991341189376
365,110.0,0.21221752,0.15967890763313974,0.20332892650439954,0.6281470001895776
366,99.0,0.23182304,0.15888051309497406,0.679429180268549,0.15296075327969333
367,110.0,0.24311413,0.1580861105294992,0.5722830394377983,0.4128104251638759
368,98.0,0.22195236,0.1572956799768517,0.337836963863119,0.7889074746577986
369,111.0,0.25217202,0.15650920157696743,0.4814645080919775,0.38105580050470245
370,104.0,0.21426344,0.1557266555690826,0.12111302387627432,0.5408721882801826
371,55.0,0.19389062,0.1549480222912372,0.39250576602841947,0.19790102486025607
372,85.0,0.21517292,0.15417328217978102,0.5530793313480373,0.3797328397830574
373,122.0,0.24254136,0.1534024157688821,0.702482158978181,0.634940208981593
374,113.0,0.21808161,0.1526354036900377,0.38738875218419333,0.6263636823311225
375,40.0,0.2024062,0.1518722266715875,0.2263111486410733,0.7161420965008033
376,155.0,0.28134355,0.15111286553822956,0.6361774322230974,0.6369346543462305
377,125.0,0.21882726,0.15035730121053842,0.6790618110620736,0.3534705583840443
378,88.0,0.2547481,0.14960551470448571,0.6667431421791419,0.5460893008666545
379,75.0,0.1967196,0.14885748713096328,0.39105748094743753,0.1301909506563837
380,52.0,0.19400908,0.14811319969530845,0.283191650062691,0.6459845433007864
381,92.0,0.15371814,0.1473726336968319,0.2339382112605593,0.5835666623336868
382,113.0,0.25545156,0.14663577052834775,0.6989129074948215,0.7326077540562179
383,102.0,0.24641943,0.14590259167570602,0.5568829177224687,0.7911904772478485
384,68.0,0.20060647,0.1451730787173275,0.7626269221723052,0.2992053574654975
385,87.0,0.20750685,0.14444721332374086,0.39242052982786346,0.5426120186361583
386,71.0,0.16369152,0.14372497725712216,0.4148508313607858,0.23095635411956073
387,73.0,0.23833914,0.14300635237083656,0.35470846500330555,0.6297248154965143
388,86.0,0.1721619,0.14229132060898236,0.28485582024511613,0.17590801666177297
389,80.0,0.17194021,0.14157986400593744,0.553527396564575,0.13338187706246893
390,93.0,0.21411172,0.14087196468590776,0.7268056152989165,0.7369281641189143
391,101.0,0.20141512,0.14016760486247823,0.4490116800734748,0.4116586920571451
392,107.0,0.19183892,0.13946676683816583,0.44580594229165804,0.1671757204266425
393,99.0,0.25305602,0.138769433003975,0.3593049531225082,0.7159767731592837
394,119.0,0.24793759,0.13807558583895513,0.6877889682686634,0.6435380341235428
395,101.0,0.19790712,0.13738520790976036,0.2877008186918824,0.3518625869475347
396,84.0,0.20244257,0.13669828187021155,0.5596055039119519,0.7910197563016917
397,161.0,0.29638308,0.13601479046086049,0.6262877929844698,0.5817005146239639
398,107.0,0.19743001,0.1353347165085562,0.1716522709629737,0.426786888208767
399,128.0,0.24937002,0.1346580429260134,0.6760075927115228,0.6332604518472307
400,100.0,0.27961665,0.13398475271138335,0.4238705731978656,0.7751715187420176
401,110.0,0.19787987,0.13331482894782642,0.31295373123199033,0.3339818157135086
402,56.0,0.14776811,0.13264825480308728,0.34560276936332146,0.33660458797228715
403,77.0,0.1732791,0.13198501352907185,0.6251787652999412,0.12696280966503182
404,76.0,0.22727047,0.1313250884614265,0.10499622297132022,0.6878586703546339
405,46.0,0.21969597,0.13066846301911936,0.4703873073315601,0.7508379568512155
406,74.0,0.16180038,0.13001512070402377,0.13454440491440073,0.38144291802600516
407,77.0,0.19781338,0.12936504510050365,0.2537210107465673,0.43720075888625265
408,137.0,0.2563231,0.12871821987500112,0.5825899718844975,0.554545615736426
409,143.0,0.25731468,0.12807462877562611,0.4974254108206979,0.5424137565298218
410,99.0,0.20405939,0.12743425563174798,0.5389696561736729,0.58809831940773
411,74.0,0.14285766,0.12679708435358925,0.12043878902119334,0.2681837151623243
412,107.0,0.19961424,0.1261630989318213,0.2053798693971749,0.25879243818528286
413,98.0,0.20029075,0.1255322834371622,0.41019416336738723,0.44761154005563253
414,111.0,0.24943252,0.12490462201997637,0.22441998466085672,0.28890151360369265
415,131.0,0.22485869,0.1242800989098765,0.6552195027830209,0.26065420821961127
416,78.0,0.20764753,0.12365869841532712,0.4415622476483879,0.24061605521921303
417,150.0,0.3006691,0.12304040492325048,0.7782789105946195,0.7710627460637732
418,128.0,0.24066812,0.12242520289863423,0.3131672687383847,0.6810032981345489
419,132.0,0.26271784,0.12181307688414106,0.3537121028717912,0.6303505675948211
420,88.0,0.24153826,0.12120401149972035,0.579269689054414,0.7874003764594585
421,47.0,0.1396535,0.12059799144222175,0.13299279346030535,0.44105021329596095
422,60.0,0.18876019,0.11999500148501063,0.68028754387091,0.17127278217072764
423,108.0,0.26907426,0.11939502647758558,0.6676151034718995,0.7808546807124377
424,110.0,0.19717474,0.11879805134519765,0.5520844812335648,0.31999335143380697
425,99.0,0.24188115,0.11820406108847166,0.2812069480655829,0.15729952409567213
426,106.0,0.28789872,0.1176130407830293,0.7973579396206498,0.5893494482016707
427,110.0,0.22996438,0.11702497557911415,0.45791981336636567,0.7895155022041949
428,87.0,0.22442544,0.11643985070121858,0.15121190896049602,0.6801223737165465
429,143.0,0.24400596,0.11585765144771248,0.37454699610694653,0.3820232039933119
430,77.0,0.15968929,0.11527836319047392,0.13309426940238775,0.3418957696620779
431,80.0,0.15919729,0.11470197137452155,0.12711572866431387,0.25649219125774386
432,92.0,0.20855848,0.11412846151764894,0.6030485295229814,0.7279126153034289
433,104.0,0.1844816,0.1135578192100607,0.43419532334140243,0.46444202203453655
434,107.0,0.19329222,0.11299003011401039,0.1707248279503132,0.48942498125736156
435,60.0,0.18550007,0.11242507996344034,0.43040574073509674,0.15802752715325208
436,62.0,0.14681655,0.11186295456362313,0.11338744854461266,0.2011293236295599
437,92.0,0.19337179,0.11130363979080501,0.2440882337437186,0.15591814425262837
438,56.0,0.15323982,0.11074712159185099,0.33845019833747103,0.10373539618214797
439,113.0,0.2151857,0.11019338598389174,0.4262173417116356,0.25392888399675184
440,104.0,0.20713879,0.10964241905397228,0.7960554533433323,0.36216372723794454
441,98.0,0.20647526,0.10909420695870241,0.18683541164288592,0.4925052682346879
442,104.0,0.21788882,0.1085487359239089,0.5590719571371427,0.4062126614020355
443,68.0,0.14650291,0.10800599224428936,0.11155290002349157,0.12861214186895736
444,48.0,0.15786064,0.10746596228306791,0.46467941169810334,0.17442108783193375
445,90.0,0.21318063,0.10692863247165257,0.46951542180226213,0.43040489899036594
446,99.0,0.23616967,0.1063939893092943,0.11394683181497517,0.6291674247462183
447,131.0,0.25734502,0.10586201936274783,0.47747121002941206,0.6772792909973644
448,92.0,0.21199757,0.10533270926593409,0.7392351703191711,0.4625562650947389
449,114.0,0.24681325,0.10480604571960442,0.33773596194125777,0.3749038147562238
450,98.0,0.25339326,0.1042820154910064,0.10432464399275099,0.5811815962659432
451,143.0,0.2603943,0.10376060541355137,0.5147258530921565,0.6797908475254553
452,87.0,0.19893637,0.1032418023864836,0.18472702443049455,0.7373081581820334
453,98.0,0.20956971,0.10272559337455119,0.49126505047942826,0.560561694181174
454,89.0,0.1956295,0.10221196540767843,0.34663424687650046,0.3734777052855198
455,89.0,0.19815068,0.10170090558064004,0.46919734204823305,0.24282219932829685
456,110.0,0.20869277,0.10119240105273684,0.6051929672990763,0.33246871200066075
457,101.0,0.19945797,0.10068643904747315,0.22572052983766408,0.34643226427093055
458,125.0,0.23664115,0.10018300685223579,0.4870148377294413,0.1990312157572438
459,128.0,0.24169458,0.0996820918179746,0.36242911273166667,0.4079193059202202
460,111.0,0.20912781,0.09918368135888474,0.4964678528480474,0.38152973592626827
461,137.0,0.24179593,0.09868776295209031,0.6071739567961487,0.40853860713551504
462,71.0,0.17827578,0.09819432413732986,0.3949677846179883,0.3560274316959152
463,140.0,0.24640207,0.09770335251664321,0.7396327690314146,0.24027620555401405
464,95.0,0.18096991,0.09721483575406,0.10945943440518913,0.39588918091731773
465,107.0,0.2002787,0.09672876157528969,0.5287857087985173,0.3798855629317185
466,68.0,0.1561755,0.09624511776741324,0.7637957864612956,0.23975012887366703
467,119.0,0.21493217,0.09576389217857617,0.3416802472999536,0.5228216541924822
468,110.0,0.21975014,0.09528507271768329,0.18139793039016794,0.390202545969775
469,122.0,0.24852973,0.09480864735409487,0.4125905920917108,0.7116101020595899
470,77.0,0.16895519,0.0943346041173244,0.27838775150522765,0.25580076128044565
471,96.0,0.21523136,0.09386293109673778,0.5704890326597911,0.420379942977283
472,76.0,0.24966861,0.09339361644125409,0.683118578561293,0.6050616253310219
473,27.0,0.1547714,0.09292664835904782,0.24248924361418958,0.6015043086540428
474,114.0,0.23544808,0.09246201511725258,0.6997613020249048,0.12785343066720314
475,81.0,0.19206253,0.09199970504166631,0.6412262875934915,0.23619300983578956
476,86.0,0.20099808,0.09153970651645797,0.5428836267660756,0.11975574302167605
477,158.0,0.25847563,0.09108200798387568,0.6569661454707509,0.452075213952688
478,89.0,0.19029741,0.0906265979439563,0.23798777514729494,0.3023116385230465
479,62.0,0.16181298,0.09017346495423652,0.11848793741596113,0.7003830584599179
480,132.0,0.28058326,0.08972259762946533,0.5625699119988281,0.6354029260709919
481,75.0,0.20767169,0.089273984641318,0.1783558716537314,0.49832611248579073
482,98.0,0.17110804,0.0888276147181114,0.45482943109454654,0.10182168942267683
483,81.0,0.20351914,0.08838347664452084,0.5037615551620755,0.24615592966505276
484,114.0,0.23539399,0.08794155926129824,0.686843214919358,0.5099780991972565
485,62.0,0.15679699,0.08750185146499175,0.10721456054682328,0.33280525578153275
486,125.0,0.23779108,0.08706434220766679,0.2721727746859339,0.19223523782291893
487,74.0,0.14339322,0.08662902049662846,0.2717188619369731,0.11292700687936578
488,68.0,0.1858766,0.08619587539414532,0.3478063078110259,0.21857399762155238
489,102.0,0.19591372,0.08576489601717459,0.5037817237092764,0.2628558025723194
490,119.0,0.23346813,0.08533607153708872,0.16461971848122864,0.27594417143339445
491,122.0,0.21848407,0.08490939117940327,0.4743108561227053,0.34294551185737665
492,111.0,0.21200389,0.08448484422350626,0.28015623969776615,0.7997619938971929
493,99.0,0.23374313,0.08406242000238873,0.34502446725308333,0.7698301471268639
494,143.0,0.26285052,0.08364210790237678,0.5539909783129006,0.5261303239796761
495,123.0,0.22511391,0.0832238973628649,0.7708818457419877,0.46762671438476855
496,122.0,0.2427571,0.08280777787605056,0.4806874428808873,0.7651893284931801
497,113.0,0.19214171,0.08239373898667031,0.1485019278770945,0.4572444981590571
498,87.0,0.24332182,0.08198177029173696,0.7819742166472701,0.49554692296970193
499,59.0,0.13286611,0.08157186144027828,0.4356082104186825,0.1533606310601105
500,98.0,0.19099547,0.0811640021330769,0.24599249203406442,0.3077219834665583
501,81.0,0.1995633,0.08075818212241151,0.19723359303530585,0.3398292714303741
502,59.0,0.14454924,0.08035439121179945,0.14586602211567243,0.41605806093927544
503,140.0,0.2506916,0.07995261925574046,0.3620396171440572,0.3852067400328555
504,116.0,0.21413335,0.07955285615946175,0.5884862611820223,0.7164043086962834
505,116.0,0.21752717,0.07915509187866444,0.4904545641214515,0.42876317265726716
506,110.0,0.23324724,0.07875931641927113,0.6245634667056678,0.6498893637825118
507,134.0,0.25150418,0.07836551983717477,0.7348663235133714,0.25694220154387093
508,129.0,0.23129524,0.07797369223798889,0.7300706447026584,0.5298157829275423
509,116.0,0.29580742,0.07758382377679894,0.6643660247873902,0.6931193501024201
510,122.0,0.20671433,0.07719590465791494,0.7385336257481565,0.2924700961438328
511,129.0,0.24751438,0.07680992513462537,0.633983870566119,0.3223688250979819
512,98.0,0.20458479,0.07642587550895225,0.43773416355546224,0.33979099911453337
513,122.0,0.22509879,0.07604374613140748,0.7406067098439777,0.1630245203689927
514,89.0,0.17503028,0.07566352740075044,0.3876829816427424,0.6284418911143159
515,125.0,0.22574636,0.07528520976374668,0.572180946047117,0.2021845152427611
516,134.0,0.23643005,0.07490878371492794,0.5838062855880294,0.44374464140505343
517,104.0,0.20302321,0.0745342397963533,0.5957772352505315,0.4834311464076394
518,92.0,0.17699455,0.07416156859737154,0.16822388729712323,0.6603141472182228
519,104.0,0.16645947,0.07379076075438468,0.3427173811991717,0.1896076584102092
520,131.0,0.233631,0.07342180695061275,0.19733055591402768,0.48835860938753894
521,176.0,0.29571655,0.07305469791585968,0.6422203267917656,0.6282327738169712
522,122.0,0.23125528,0.07268942442628039,0.6565765855548593,0.43598263634336254
523,131.0,0.24242587,0.07232597730414898,0.49607147962438747,0.4965725469927401
524,149.0,0.24726212,0.07196434741762824,0.7494356832676151,0.7347899046251396
525,134.0,0.23667376,0.0716045256805401,0.4702657920116504,0.5911329529490283
526,105.0,0.23425041,0.0712465030521374,0.333459402850743,0.31979827432631946
527,110.0,0.21937406,0.0708902705368767,0.34348802211304813,0.5686173185060773
528,125.0,0.21208428,0.07053581918419231,0.3037113172069764,0.706624645540771
529,119.0,0.22504643,0.07018314008827135,0.13076636315022583,0.7074270847921175
530,89.0,0.16215537,0.06983222438783,0.15659057459667644,0.2707309682777545
531,100.0,0.2573364,0.06948306326589085,0.23057193552127872,0.6139439928354461
532,140.0,0.26387954,0.0691356479495614,0.2818664956885319,0.7675754424358424
533,72.0,0.19663545,0.06878996970981359,0.24117811574059117,0.7257486154003175
534,149.0,0.2566894,0.06844601986126451,0.41028875042799573,0.6056839218543425
535,74.0,0.15086861,0.06810378976195819,0.263878445190813,0.3105370559494818
536,110.0,0.21237163,0.0677632708131484,0.7761789572286272,0.14798773905274606
537,95.0,0.19899812,0.06742445445908266,0.40558906215775004,0.49448202057851254
538,87.0,0.18873748,0.06708733218678724,0.4061278727406765,0.3707918658299719
539,125.0,0.24080487,0.0667518955258533,0.7768818910281742,0.29619427995734526
540,62.0,0.15944558,0.06641813604822402,0.18194715954111937,0.13697642322587048
541,96.0,0.22158474,0.0660860453679829,0.3737524883857537,0.3581037198695063
542,116.0,0.20568833,0.06575561514114299,0.7316061361815989,0.3555030341582346
543,119.0,0.24860953,0.06542683706543727,0.10171458445708137,0.6550643217562517
544,155.0,0.2851343,0.06509970288011008,0.751607311318193,0.7489659835845036
545,58.0,0.17327052,0.06477420436570952,0.28437839118582303,0.5702509939448211
546,131.0,0.21310815,0.06445033334388098,0.5443747409644273,0.43995873927895834
547,147.0,0.29374656,0.06412808167716157,0.7031237947064216,0.3849341779618698
548,99.0,0.23081145,0.06380744126877576,0.4362953262077274,0.29093564990421705
549,123.0,0.26317504,0.06348840406243188,0.28506015686384806,0.6943989831753491
550,131.0,0.23193912,0.06317096204211972,0.3116168973482041,0.20117381992447514
551,125.0,0.21528177,0.06285510723190912,0.5859886621001799,0.587535892566139
552,92.0,0.19076096,0.06254083169574957,0.18004496649189164,0.22177561014775454
553,86.0,0.18783483,0.062228127537270826,0.10059779456461637,0.5888095350035636
554,104.0,0.20174305,0.06191698689958447,0.15571234472125778,0.5697637450603062
555,158.0,0.27589065,0.061607401965086545,0.4754309112239743,0.6162317070035525
556,110.0,0.20601827,0.06129936495526111,0.5154180228357789,0.1608758293849084
557,116.0,0.21046624,0.0609928681304848,0.6123776096472585,0.3924322771706408
558,125.0,0.23402509,0.060687903789832374,0.28239844212758736,0.16971480055021057
559,158.0,0.27034944,0.06038446427088321,0.6214180525302009,0.27903393409033017
560,95.0,0.19817828,0.06008254194952879,0.30260358104000823,0.3395292516474542
561,128.0,0.24775037,0.05978212923978115,0.5498738441591208,0.6209679999326089
562,104.0,0.19842558,0.05948321859358224,0.40323933856419014,0.12151580917013893
563,161.0,0.25715205,0.05918580250061433,0.7557353345921084,0.5900016998953257
564,147.0,0.2998718,0.058889873488111255,0.5761093112455612,0.49756916425632625
565,138.0,0.27296034,0.058595424120670696,0.6920135549261154,0.635551819972273
566,101.0,0.19531699,0.05830244700006734,0.13082954229537175,0.13383980779423046
567,128.0,0.236822,0.058010934765067,0.2582432368380033,0.6732208932984218
568,102.0,0.22907245,0.05772088009124167,0.4265839801057466,0.6400675966503203
569,110.0,0.20557399,0.05743227569078546,0.7727041434092413,0.2735980605690584
570,63.0,0.16690534,0.05714511431233153,0.15920889326002105,0.1262911921382006
571,116.0,0.19246474,0.05685938874076987,0.17849863698422508,0.7079208513821267
572,83.0,0.16142184,0.056575091797066025,0.2638220843322542,0.17640294376963397
573,114.0,0.23098099,0.056292216338080694,0.2650151755140912,0.6442257391764985
574,89.0,0.16039118,0.05601075525639029,0.1738406773177141,0.22391353138523812
575,141.0,0.2674913,0.05573070148010834,0.7784329076786856,0.6267678001199876
576,122.0,0.19715805,0.0554520479727078,0.18020366998267145,0.28285792131102877
577,98.0,0.17701603,0.05517478773284426,0.24161623179539307,0.34947981940852746
578,140.0,0.23276193,0.05489891379418004,0.41983855776127543,0.2735764527787773
579,132.0,0.3002698,0.05462441922520914,0.6716585541324157,0.4265179366780101
580,131.0,0.23641193,0.0543512971290831,0.687387370543974,0.1228094255326122
581,128.0,0.21521105,0.05407954064343768,0.32244693613613185,0.4404200192921651
582,113.0,0.20505437,0.05380914294022049,0.6505593728299699,0.1912920769335316
583,143.0,0.2426851,0.05354009722551939,0.7686594691840637,0.7245302997305568
584,125.0,0.20366633,0.05327239673939179,0.6728677546750207,0.23747172339434394
585,92.0,0.1681706,0.053006034755694834,0.17059696465029944,0.5482521952862185
586,123.0,0.27385205,0.052741004581916356,0.6780575269278818,0.4115821136758302
587,110.0,0.19884329,0.052477299559006776,0.4809577471089068,0.18204237373767956
588,101.0,0.18521683,0.052214913061211746,0.5067801897679528,0.5910166789718629
589,113.0,0.18923135,0.05195383849590569,0.5780597194801064,0.17774728439396467
590,117.0,0.27218416,0.05169406930342616,0.6596667697388255,0.7942514733925472
591,74.0,0.15513915,0.05143559895690903,0.16909114644926504,0.24580016461965068
592,125.0,0.23369212,0.051178420962124486,0.7506693576002805,0.13751235394142636
593,125.0,0.22400227,0.05092252885731386,0.4124157578823192,0.36918600661828316
594,131.0,0.22750664,0.05066791621302729,0.35507246109431057,0.16339841929225313
595,170.0,0.2943703,0.05041457663196215,0.7710459672488792,0.6024594453523653
596,113.0,0.19477709,0.050162503748802344,0.2105449984513202,0.41459834410892815
597,131.0,0.23328091,0.049911691230058335,0.4526552201116437,0.3152991724010868
598,125.0,0.22647496,0.04966213277390804,0.6334398066607478,0.2945289956061963
599,89.0,0.16236717,0.0494138221100385,0.1697963370455195,0.5804528202943372
600,110.0,0.21052676,0.04916675299948831,0.30322928211190003,0.3451802274050715
601,138.0,0.2828396,0.04892091923449087,0.7680237964236968,0.6483433869455656
602,134.0,0.24978997,0.04867631463831842,0.3607646088329376,0.59437322665379
603,87.0,0.19687505,0.048432933065126825,0.24198069947358994,0.197441793234984
604,131.0,0.22971848,0.048190768399801194,0.6163076065553251,0.47948482583469476
605,122.0,0.21801992,0.04794981455780219,0.6483240857887655,0.2739543620318568
606,101.0,0.20080328,0.04771006548501318,0.7839000930649349,0.2226695207107023
607,116.0,0.20592423,0.047471515157588115,0.7533636004084048,0.2618396195477626
608,108.0,0.22055924,0.047234157581800176,0.23390579941975279,0.5522854756043505
609,140.0,0.2265708,0.046997986793891174,0.6055398492932258,0.48094481251346044
610,116.0,0.21329102,0.04676299685992172,0.3971421399473286,0.6477285885122394
611,143.0,0.27172053,0.04652918187562211,0.7355245121784156,0.6317112518082225
612,125.0,0.20409371,0.046296535966244,0.6544483983598507,0.6382074675610887
613,122.0,0.20896973,0.046065053286412784,0.49137218497748447,0.17050675243065155
614,86.0,0.16042694,0.04583472801998072,0.14841950600345588,0.11487165317427937
615,158.0,0.2636752,0.045605554379880814,0.6710990264850754,0.37929048807538834
616,119.0,0.21704204,0.04537752660798141,0.16024977345997626,0.7650265143477588
617,134.0,0.2164239,0.0451506389749415,0.38294963152542194,0.262350433773877
618,95.0,0.19874987,0.044924885780066794,0.38378363708130037,0.5643827723548814
619,122.0,0.21410106,0.04470026135116646,0.20067916240452638,0.621374415524807
620,80.0,0.18045066,0.04447676004441063,0.43915068931300927,0.739340579412766
621,131.0,0.22738668,0.04425437624418858,0.14057865774768377,0.7368790291416686
622,122.0,0.23169176,0.04403310436296763,0.5701065148278133,0.5815205510272272
623,131.0,0.2305289,0.043812938841152796,0.5636805246084908,0.5108036473540462
624,104.0,0.18556379,0.04359387414694703,0.4671411838512656,0.11923174549851308
625,104.0,0.1651134,0.043375904776212296,0.16179786889537615,0.22511574932399095
626,104.0,0.1678217,0.043159025252331236,0.6208001202142361,0.12090012029032693
627,140.0,0.25051612,0.04294323012606958,0.2159948418346637,0.3174425514505642
628,77.0,0.16555777,0.04272851397543923,0.18047463579337997,0.7976378566754362
629,125.0,0.22074547,0.04251487140556204,0.33532386398150504,0.5183821222632541
630,86.0,0.17540078,0.04230229704853423,0.12433671586818462,0.628188510736873
631,134.0,0.23010562,0.04209078556329156,0.19422188880670205,0.7962045144520267
632,131.0,0.24202986,0.0418803316354751,0.324083380132578,0.3543741101916644
633,140.0,0.25536418,0.041670929977297724,0.28316745277962174,0.6100570861316357
634,134.0,0.23326902,0.04146257532741124,0.32349695230341236,0.2930092160334101
635,119.0,0.21195868,0.04125526245077418,0.4689998263504891,0.37523235815877454
636,87.0,0.20087829,0.04104898613852031,0.2872721021548647,0.47138286600736845
637,149.0,0.25334114,0.04084374120782771,0.601653870228842,0.3741565214350724
638,110.0,0.20771898,0.04063952250178857,0.5788464601397448,0.4811652051397962
639,116.0,0.21312653,0.04043632488927963,0.6674006644689118,0.24758354882499456
640,119.0,0.21255103,0.04023414326483323,0.39235037072395484,0.5217180691551125
641,167.0,0.29261082,0.040032972548509065,0.656233855144899,0.7631192433485463
642,158.0,0.2726626,0.03983280768576652,0.7856230377639419,0.5026268196405771
643,132.0,0.2839256,0.03963364364733769,0.37217018675206714,0.7924314976364893
644,158.0,0.2623532,0.039435475429100995,0.4974832173948206,0.6464984208954113
645,125.0,0.24129908,0.03923829805195549,0.2767519763377887,0.7040328005039699
646,113.0,0.20816304,0.03904210656169572,0.4361027439604155,0.2451731268395124
647,118.0,0.26248685,0.03884689602888724,0.38618697168688665,0.42943520327960094
648,89.0,0.17140158,0.0386526615487428,0.6521264666774678,0.16121990690741697
649,122.0,0.20575933,0.03845939824099909,0.39601318387564033,0.29396015514084606
650,149.0,0.24392524,0.03826710124979409,0.6841072741449786,0.6338671509046132
651,140.0,0.23028155,0.038075765743545126,0.5788805773753879,0.286266872454706
652,107.0,0.1882567,0.0378853869148274,0.20269922538483143,0.1552043587536646
653,122.0,0.20971994,0.03769595998025326,0.46461258285588614,0.13630608098626004
654,116.0,0.20127541,0.03750748018035199,0.47861983282795284,0.32939275282891456
655,113.0,0.19316584,0.037319942779450235,0.7607350788524447,0.14524752555347575
656,92.0,0.17901993,0.037133343065552986,0.10656560265794808,0.3714277870150712
657,152.0,0.27110413,0.03694767635022522,0.36627918076738863,0.7922529695375501
658,104.0,0.18086602,0.036762937968474095,0.1896290356775041,0.3173150707056161
659,156.0,0.30939546,0.03657912327863173,0.778285785088254,0.43484605126634923
660,140.0,0.23864754,0.036396227662238566,0.7224231078565005,0.30557860263414527
661,104.0,0.17322929,0.03621424652392737,0.354575784807866,0.2600292805932344
662,122.0,0.20249276,0.036033175291307735,0.5659792478341649,0.15495612823238708
663,113.0,0.21690542,0.03585300941485119,0.4576825934259351,0.5038653464958757
664,149.0,0.24756747,0.035673744367776934,0.6321400789890335,0.6400478181532778
665,110.0,0.21645325,0.03549537564593805,0.2289043005278439,0.5790986124985663
666,104.0,0.18157968,0.035317898767708356,0.3250167293515305,0.736377007164522
667,101.0,0.18778922,0.03514130927386981,0.6489550886152208,0.4394805181892869
668,65.0,0.12985031,0.03496560272750046,0.18654465349944607,0.16829363073401485
669,83.0,0.16819142,0.03479077471386296,0.12409511765377,0.5301991515914475
670,167.0,0.24265969,0.03461682084029365,0.7986021459393642,0.7717586114920301
671,105.0,0.2500449,0.034443736736092176,0.41390071671551487,0.679821131717973
672,98.0,0.17133772,0.034271518052411715,0.19346307903670382,0.24196402259825803
673,140.0,0.23064037,0.034100160462149656,0.2865505911031899,0.30795788615016717
674,116.0,0.22250852,0.03392965965983891,0.4408450057782374,0.25211541239457436
675,113.0,0.20501056,0.033760011361539714,0.3320116986689905,0.23656424258192865
676,161.0,0.28368527,0.03359121130473201,0.7335919947765067,0.5654535910547183
677,104.0,0.20984988,0.033423255248208356,0.10454017846661007,0.44021965463937196
678,98.0,0.19027947,0.03325613897196732,0.5382968180527188,0.33058736558542834
679,116.0,0.20849356,0.03308985827710748,0.6894637915279761,0.5558770058834018
680,98.0,0.19607177,0.032924408985721944,0.2120047038882022,0.23517803367864495
681,149.0,0.25374162,0.03275978694079333,0.6680354605940265,0.44339256496796886
682,122.0,0.19910766,0.032595988006089364,0.19298457738548752,0.6723785244769153
683,98.0,0.1752845,0.032433008066058915,0.18539206650181825,0.17818113678897257
684,158.0,0.26347503,0.03227084302572862,0.7820594003398378,0.4586168904019179
685,131.0,0.2298513,0.032109488810599975,0.44923975123069704,0.16938935989279416
686,110.0,0.22224618,0.031948941366546975,0.45788382296576147,0.36238893010782414
687,143.0,0.23997414,0.03178919665971424,0.7795877251238108,0.4223720172247305
688,134.0,0.23545359,0.03163025067641567,0.6960215420690808,0.44259594505163324
689,138.0,0.268431,0.03147209942303359,0.26252995203777685,0.7971738380419813
690,122.0,0.20569654,0.03131473892591842,0.17976056782679933,0.5913183752554911
691,111.0,0.21377197,0.031158165231288826,0.19099896058572458,0.34053308928744197
692,125.0,0.22428077,0.03100237440513238,0.39095729995590645,0.39166532504851514
693,77.0,0.15760481,0.030847362533106718,0.3083117958564915,0.3560028234272482
694,134.0,0.23140785,0.030693125720441184,0.532681680202061,0.3925807332178948
695,107.0,0.20052166,0.030539660091838977,0.15030235231837616,0.532756848958056
696,116.0,0.21113124,0.03038696179137978,0.5530072248846086,0.22833219633095783
697,134.0,0.23442352,0.030235026982422884,0.6719367687220066,0.5077664149799926
698,113.0,0.1974751,0.030083851847510768,0.6861351183044004,0.25218359623790687
699,120.0,0.24205326,0.029933432588273214,0.3180690746369927,0.77694279993225
700,111.0,0.208197,0.029783765425331846,0.512741348073791,0.5266484431844086
701,131.0,0.21385542,0.029634846598205186,0.5257089899248402,0.7918942671443479
702,99.0,0.20038885,0.02948667236521416,0.24465648884018465,0.713639434606187
703,138.0,0.28148386,0.029339239003388088,0.4968143751329853,0.5867428474288258
704,131.0,0.2364224,0.029192542808371146,0.7471313213026934,0.6940496065432709
705,113.0,0.19366339,0.02904658009432929,0.22938726406664256,0.6309327972551932
706,143.0,0.2704793,0.028901347193857643,0.714898196891145,0.33848936150828546
707,107.0,0.17685513,0.028756840457888354,0.2617532328810593,0.6518312144147645
708,125.0,0.23493978,0.02861305625559891,0.5336088454522,0.3435733447068512
709,110.0,0.2140933,0.028469990974320916,0.7804141886450464,0.36168901285463684
710,158.0,0.27524924,0.02832764101944931,0.5678485054907234,0.7344385545433182
711,158.0,0.27934778,0.028186002814352063,0.3954644474800466,0.7543424268156134
712,158.0,0.29551476,0.0280450728002803,0.6592730725966031,0.4176347958480475
713,140.0,0.23243146,0.0279048474362789,0.7649910666577631,0.2552074115095948
714,122.0,0.2119548,0.027765323199097504,0.564221635556149,0.5185150771990779
715,115.0,0.2938883,0.027626496583102015,0.4892879354762386,0.689762206458693
716,113.0,0.19976082,0.027488364100186506,0.16630282954728615,0.28683906591082864
717,104.0,0.2222168,0.027350922279685573,0.4646006059719775,0.2952937204245453
718,125.0,0.2322789,0.027214167668287145,0.7467616914074341,0.3804740082989593
719,143.0,0.25326604,0.02707809682994571,0.681366604911435,0.6387542086073352
720,143.0,0.25663915,0.02694270634579598,0.4449113592591394,0.4933202625948193
721,149.0,0.26506418,0.026807992814067,0.7301040609576352,0.5604883122702978
722,83.0,0.17281902,0.026673952849996664,0.36016528961344296,0.18318260538817865
723,116.0,0.21049997,0.02654058308574668,0.5612034975817312,0.1961254635273817
724,111.0,0.24464989,0.026407880170317945,0.5206623672046778,0.5091915453213098
725,111.0,0.22108072,0.026275840769466357,0.7117069244096363,0.3173013638473713
726,119.0,0.2212516,0.026144461565619025,0.21876602017938446,0.7829046351238276
727,116.0,0.1916882,0.02601373925779093,0.6781951279829088,0.2612424876255223
728,131.0,0.24003302,0.025883670561501974,0.15282547656790865,0.6965121937042457
729,122.0,0.20917477,0.025754252208694463,0.30764184168939457,0.30459074271037173
730,152.0,0.26387218,0.02562548094765099,0.6061916391972072,0.5255765002676772
731,122.0,0.20222618,0.025497353542912736,0.4033005231121538,0.2849614369264931
732,149.0,0.24552667,0.02536986677519817,0.5757493744504643,0.25708411262812014
733,125.0,0.21536596,0.02524301744132218,0.6984985104528444,0.36114340943842826
734,113.0,0.20463757,0.025116802354115567,0.3787864172685548,0.5433858608073661
735,140.0,0.26996192,0.024991218342344988,0.6578393612465739,0.6467739148579054
736,122.0,0.19082755,0.024866262250633264,0.27674836023937355,0.3782493936766431
737,149.0,0.24222709,0.024741930939380097,0.6853793988639468,0.16467502788765703
738,149.0,0.24082652,0.024618221284683196,0.4427497534913092,0.727902228520818
739,98.0,0.16819519,0.02449513017825978,0.31760846125126374,0.6674262483505791
740,116.0,0.20858599,0.02437265452736848,0.5542555713297294,0.4629806059694169
741,149.0,0.26089218,0.024250791254731636,0.6726274252934675,0.5432676952150918
742,122.0,0.20847182,0.024129537298457977,0.27960726638223243,0.6327041989239556
743,143.0,0.24638088,0.024008889611965685,0.578238729358955,0.6094556234633509
744,131.0,0.21224803,0.023888845163905856,0.625450544930309,0.7851888160230087
745,113.0,0.194968,0.023769400938086327,0.11923999667727543,0.48006414935927677
746,86.0,0.1546423,0.023650553933395897,0.3791553836907451,0.131934855919906
747,89.0,0.18873751,0.023532301163728918,0.6154833465109518,0.3906884650357505
748,107.0,0.18616825,0.023414639657910272,0.2700332325375292,0.15155972679106575
749,143.0,0.26040417,0.023297566459620722,0.6054967880813281,0.42912851239974137
750,56.0,0.11587946,0.023181078627322618,0.18140655341830736,0.14506527075439057
751,113.0,0.18174574,0.023065173234186005,0.7084467167443846,0.13672302003536843
752,95.0,0.17124674,0.022949847368015076,0.27473648175381316,0.1468824872727576
753,116.0,0.22435318,0.022835098131175,0.3587699241780512,0.3817030891311517
754,131.0,0.20594822,0.022720922640519125,0.2669698003647665,0.1987493093471348
755,89.0,0.17722343,0.02260731802731653,0.41524318025558815,0.14417230264604258
756,122.0,0.2203814,0.022494281437179946,0.7588376924106807,0.20871034723861204
757,140.0,0.21603209,0.022381810029994047,0.5212011338954766,0.32439525210199105
758,152.0,0.25650832,0.022269900979844076,0.6533844760856448,0.6944391696101021
759,113.0,0.18524751,0.022158551474944856,0.1495569328517958,0.759166128779332
760,149.0,0.26947987,0.022047758717570132,0.7471537670992124,0.7003865099474811
761,107.0,0.19816248,0.021937519923982282,0.7250174595826531,0.13288086299220728
762,122.0,0.20556639,0.021827832324362372,0.6908858644859344,0.20334865846527606
763,95.0,0.17817622,0.02171869316274056,0.12842396351623064,0.6769909086912829
764,143.0,0.24272808,0.021610099696926857,0.6899081906350405,0.21716432719065884
765,134.0,0.24705294,0.021502049198442223,0.6939569751101201,0.7821608939165727
766,89.0,0.16694115,0.021394538952450012,0.24912549365634867,0.4131166306472176
767,98.0,0.17915963,0.02128756625768776,0.3832122775047223,0.12181861836717346
768,107.0,0.20666853,0.021181128426399323,0.33336202937233145,0.7732255988503585
769,140.0,0.2382548,0.021075222784267326,0.35922011843918533,0.7689313399978485
770,113.0,0.19619578,0.020969846670345987,0.12334972824355217,0.14047566666659156
771,104.0,0.18820877,0.020864997436994256,0.4793917709042108,0.15700688755583625
772,167.0,0.25599843,0.020760672449809284,0.604575917873282,0.5653160232751554
773,104.0,0.1762972,0.020656869087560238,0.3263444840474823,0.19231366348671916
774,125.0,0.24519262,0.020553584742122436,0.3094948681527133,0.7339176527661202
775,149.0,0.26160413,0.020450816818411825,0.6902512098401605,0.6241081812743381
776,140.0,0.21963152,0.020348562734319765,0.5182911383720074,0.51200652397123
777,104.0,0.18350464,0.020246819920648168,0.41524105744879136,0.6312956936817398
778,143.0,0.2600807,0.020145585821044927,0.7552019010564819,0.7605415665755764
779,71.0,0.117871754,0.020044857891939702,0.1602992137364724,0.2506153928879184
780,185.0,0.30062574,0.019944633602480003,0.7284649634124474,0.7916147194262976
781,113.0,0.21049556,0.019844910434467605,0.7546849726326744,0.7727398147372306
782,134.0,0.25056517,0.019745685882295267,0.6699949467462961,0.23007498100240995
783,131.0,0.23076303,0.01964695745288379,0.29903220752416626,0.4308191770839027
784,131.0,0.23228326,0.01954872266561937,0.6548858275228637,0.3139464533059865
785,98.0,0.17264982,0.019450979052291272,0.17607393015950393,0.26645444669750007
786,140.0,0.22334474,0.019353724157029815,0.5541039055141658,0.39869825108566026
787,113.0,0.18972082,0.019256955536244666,0.25883419907736127,0.3060787071474853
788,140.0,0.2256272,0.019160670758563442,0.6341808551787667,0.7425686258537709
789,113.0,0.17891,0.019064867404770626,0.1275532255667536,0.36537927159468875
790,131.0,0.21876301,0.018969543067746772,0.781442746274492,0.4118803057447663
791,104.0,0.19337761,0.018874695352408037,0.4867821938775455,0.22445282768132724
792,129.0,0.2656398,0.018780321875645996,0.5569912074114951,0.4419863608976883
793,167.0,0.27162775,0.018686420266267767,0.593367731215841,0.7015191872083589
794,122.0,0.2251698,0.018592988164936427,0.4923813414075078,0.674242891748953
795,107.0,0.19673333,0.018500023224111744,0.39133459900933565,0.43678582584275394
796,89.0,0.16128206,0.018407523107991184,0.2845647165317498,0.3087832246210853
797,113.0,0.18451284,0.01831548549245123,0.14986539534598958,0.39073806897961394
798,140.0,0.24697298,0.018223908064988973,0.5870010551430422,0.1944486089616011
799,98.0,0.16729526,0.018132788524664028,0.44624353565810315,0.3856278941444158
800,125.0,0.20643635,0.018042124582040707,0.7836723779564377,0.3041381648678281
801,158.0,0.250375,0.017951913959130504,0.5289079659994684,0.7036504586236384
802,152.0,0.26360464,0.01786215438933485,0.5353118448420889,0.41280119711101404
803,95.0,0.15928572,0.017772843617388175,0.1767835315162019,0.27748338776727366
804,140.0,0.25798926,0.017683979399301233,0.6052389817358084,0.3815432249348383
805,140.0,0.2162189,0.017595559502304726,0.5182648843794173,0.3906358773979094
806,131.0,0.242443,0.0175075817047932,0.5036391531676342,0.2977299226232824
807,149.0,0.2493387,0.017420043796269234,0.6151657503415007,0.5583154061141747
808,101.0,0.1905829,0.017332943577287888,0.29855591665901315,0.1204517361951637
809,111.0,0.2360974,0.01724627885940145,0.3719723740180586,0.7871114496901217
810,98.0,0.17235354,0.017160047465104442,0.3884206278096992,0.2741875751107084
811,113.0,0.19327345,0.01707424722777892,0.3965051732257062,0.19628071785828322
812,140.0,0.25092536,0.016988875991640028,0.5266007891641816,0.4965457499392043
813,113.0,0.18388624,0.016903931611681827,0.2416672222947854,0.23990937426444514
814,158.0,0.26559657,0.01681941195362342,0.7106811706195748,0.35828941670798464
815,149.0,0.2772574,0.016735314893855303,0.492973858747937,0.30068903049083695
816,158.0,0.26589537,0.016651638319386028,0.5753309787724223,0.642270602367126
817,140.0,0.2606987,0.0165683801277891,0.699943467283275,0.2206274175878471
818,111.0,0.2381877,0.016485538227150154,0.5586439360847132,0.3478919965264953
819,102.0,0.2203175,0.0164031105360144,0.3616914477939084,0.272004564343607
820,149.0,0.26703483,0.01632109498333433,0.7962155640708016,0.5594361133388404
821,143.0,0.24171953,0.016239489508417658,0.40852417065524826,0.6986542362390109
822,86.0,0.16758332,0.01615829206087557,0.11541914276902206,0.5027575000852651
823,140.0,0.21801703,0.01607750060057119,0.4425584814862794,0.38077382743439214
824,140.0,0.22101684,0.015997113097568336,0.7935784550426336,0.7092487620985123
825,147.0,0.30149096,0.015917127532080494,0.7030894936450673,0.7685275597439521
826,149.0,0.25710326,0.01583754189442009,0.6189310717837514,0.2674438277266487
827,71.0,0.123688504,0.01575835418494799,0.23187975941389902,0.12645069565707184
828,158.0,0.2705869,0.01567956241402325,0.497438059419398,0.6861984009144773
829,122.0,0.20986156,0.015601164601953134,0.10525057768543072,0.23090085365626142
830,131.0,0.24217369,0.015523158778943369,0.49899903906419774,0.4178769259124788
831,167.0,0.29500335,0.015445542985048652,0.7298345265746119,0.7699967893892162
832,95.0,0.1566691,0.015368315270123408,0.4574502240605868,0.12437985976858817
833,140.0,0.23340277,0.01529147369377279,0.7332161918854903,0.5982471231222168
834,131.0,0.23729092,0.015215016325303928,0.2436377566705832,0.7912312942482554
835,117.0,0.23976074,0.015138941243677408,0.7344999114811246,0.6730964918998351
836,113.0,0.19418989,0.01506324653745902,0.28877031451637797,0.10323499170005185
837,107.0,0.18442611,0.014987930304771725,0.17032041348410068,0.35688049338622463
838,152.0,0.2569557,0.014912990653247866,0.7617959044319411,0.7749421639651142
839,140.0,0.24899319,0.014838425699981627,0.602029521248533,0.5222031575176191
840,170.0,0.31931198,0.01476423357148172,0.7431221920281615,0.7057827501580768
841,131.0,0.21224636,0.014690412403624311,0.388597228527629,0.4898008682747589
842,56.0,0.11078595,0.01461696034160619,0.2760551708721408,0.20096904050341108
843,149.0,0.25951874,0.014543875539898159,0.7552695419477896,0.646623208726533
844,113.0,0.21015067,0.014471156162198668,0.24645774414550425,0.22881248493971132
845,120.0,0.24419953,0.014398800381387675,0.6469444619127467,0.37882396700788235
846,140.0,0.23311323,0.014326806379480736,0.7150255838125922,0.7001981195142436
847,122.0,0.21710567,0.014255172347583332,0.4123459823968455,0.5432392638917178
848,116.0,0.20901321,0.014183896485845416,0.25137087835965877,0.42912940543054945
849,149.0,0.24810615,0.014112977003416188,0.7728260633538893,0.5415761832281392
850,140.0,0.2644091,0.014042412118399107,0.6694109845780296,0.37193997904737064
851,140.0,0.23929805,0.013972200057807112,0.2518277294110126,0.38657867921106337
852,149.0,0.25206634,0.013902339057518077,0.5086266033159723,0.676578058636337
853,140.0,0.23307401,0.013832827362230486,0.55944412208553,0.744188742138761
854,108.0,0.24024382,0.013763663225419333,0.7044977202546214,0.4812809256940155
855,98.0,0.18660565,0.013694844909292236,0.1655244332065715,0.5228765508386723
856,149.0,0.25864264,0.013626370684745774,0.3637778179042429,0.5300252305551886
857,125.0,0.21679778,0.013558238831322046,0.24525180378918685,0.6484683725205274
858,122.0,0.23171343,0.013490447637165436,0.10704229692225611,0.28794364344620943
859,134.0,0.24961108,0.013422995398979608,0.6604778863954541,0.7810434492077662
860,140.0,0.21705566,0.01335588042198471,0.31372848928506986,0.4856779342545978
861,158.0,0.2816941,0.013289101019874787,0.641139635597248,0.7862214415174683
862,98.0,0.188391,0.013222655514775413,0.4943433378724611,0.5440070921868225
863,104.0,0.20368107,0.013156542237201536,0.7861908420059158,0.10366408630727252
864,104.0,0.18163025,0.013090759526015528,0.35158407107621137,0.31034804268411875
865,113.0,0.20381144,0.01302530572838545,0.18171514755728463,0.30537936630218
866,95.0,0.17560714,0.012960179199743523,0.17159237641735778,0.27319030803103084
867,104.0,0.22930685,0.012895378303744804,0.3460283074305708,0.5695941324475376
868,110.0,0.21608613,0.01283090141222608,0.5515938911519146,0.13202602311310438
869,149.0,0.2707265,0.012766746905164949,0.7486442514209666,0.3413293779585047
870,149.0,0.2807714,0.012702913170639124,0.43807677129477407,0.715517082611103
871,131.0,0.2160146,0.012639398604785928,0.23801404025878828,0.7767866590239156
872,113.0,0.19410571,0.012576201611761997,0.3321971495653937,0.7441913545260644
873,122.0,0.21905659,0.012513320603703188,0.6949782499575784,0.4031246611157506
874,122.0,0.22594035,0.012450754000684672,0.552828996235605,0.3004937763240336
875,113.0,0.1880038,0.012388500230681249,0.332635357390484,0.4412023913006218
876,113.0,0.20921399,0.012326557729527843,0.39603142365021193,0.2596604732761412
877,122.0,0.19626588,0.012264924940880204,0.382094650114038,0.5031912027107193
878,104.0,0.17378168,0.012203600316175803,0.18587432145627497,0.239786392078465
879,86.0,0.1568715,0.012142582314594924,0.17553618556516082,0.2068676956512831
880,113.0,0.20366716,0.01208186940302195,0.5456522883960043,0.11701908826451196
881,95.0,0.17894056,0.01202146005600684,0.21445965930251168,0.12142261258013329
882,125.0,0.2222719,0.011961352755726806,0.6467183851271507,0.49456502574780536
883,158.0,0.2816944,0.01190154599194817,0.6958687035246173,0.4534093822447123
884,140.0,0.23814733,0.01184203826198843,0.2341764626768808,0.7257147201422486
885,137.0,0.25290492,0.011782828070678488,0.6034472869431357,0.5664448216883657
886,131.0,0.24969453,0.011723913930325095,0.7404048831444112,0.3070389949250282
887,83.0,0.1690396,0.01166529436067347,0.10392845258897121,0.5302941557816097
888,116.0,0.22174211,0.011606967888870102,0.22362300227191445,0.2906285694233869
889,143.0,0.26359004,0.01154893304942575,0.6951028862808878,0.677518568107477
890,113.0,0.20372766,0.011491188384178622,0.1971106571680057,0.4778784304018222
891,131.0,0.21598256,0.011433732442257729,0.6670565673883652,0.32639143128917636
892,140.0,0.21506065,0.01137656378004644,0.6421406079106848,0.46725635301816004
893,116.0,0.20401485,0.011319680961146208,0.32095527129608203,0.1787972580652392
894,131.0,0.22460407,0.011263082556340478,0.10738609145086554,0.7556406033494114
895,122.0,0.21752483,0.011206767143558775,0.20440168694349237,0.4323574022781891
896,95.0,0.17783456,0.011150733307840981,0.45987992903842656,0.12012379587013525
897,120.0,0.23571968,0.011094979641301777,0.29031202015587865,0.3794337858255178
898,149.0,0.24230155,0.011039504743095268,0.5859239114010514,0.6293088285694168
899,122.0,0.20990619,0.01098430721937979,0.4263932292442528,0.3834276824064986
900,122.0,0.20284893,0.010929385683282892,0.2710404474104102,0.7692539147134868
901,140.0,0.25929072,0.010874738754866477,0.20454046097731304,0.6521089246370767
902,131.0,0.21591096,0.010820365061092144,0.6823397627389891,0.34877468457490207
903,149.0,0.2325152,0.010766263235786683,0.7986667976589547,0.25745696823275455
904,152.0,0.278903,0.01071243191960775,0.5378925837333184,0.7400353111561216
905,107.0,0.191469,0.010658869760009713,0.3474255130387238,0.27571156302954636
906,104.0,0.17408939,0.010605575411209664,0.27042109099047706,0.20323627003978129
907,149.0,0.24465697,0.010552547534153616,0.5762455555716278,0.4074780528286579
908,113.0,0.1919264,0.010499784796482848,0.25153870818766566,0.730621291530904
909,128.0,0.22846493,0.010447285872500434,0.7519549869361852,0.45552521711751137
910,113.0,0.21262668,0.01039504944313793,0.24575931282362018,0.29990467669504817
911,149.0,0.26219255,0.010343074195922241,0.1329357137366552,0.5865361761798012
912,107.0,0.19891618,0.01029135882494263,0.5475113819785029,0.11438412811529232
913,140.0,0.25387007,0.010239902030817916,0.5809909341000014,0.5270764123916646
914,131.0,0.23584282,0.010188702520663827,0.15796401641737293,0.7039915495740547
915,167.0,0.30919582,0.010137759008060509,0.6129326064863528,0.43328973212821675
916,122.0,0.20364463,0.010087070213020206,0.5586510173034409,0.14657174043488405
917,140.0,0.2338126,0.010036634861955105,0.6743994456633552,0.45696712018846297
918,167.0,0.27707598,0.00998645168764533,0.7959833454161922,0.7363072094954748
919,134.0,0.22571374,0.00998645168764533,0.3364369157765202,0.7887553046588505
920,113.0,0.2057671,0.00998645168764533,0.7088249381227198,0.284645452732077
921,95.0,0.16471563,0.00998645168764533,0.12621184097438204,0.35901854294562885
922,138.0,0.2719679,0.00998645168764533,0.6690608258707391,0.6269651929383805
923,131.0,0.2194014,0.00998645168764533,0.45916885831526766,0.3436159156177441
924,131.0,0.23652233,0.00998645168764533,0.7427465736289334,0.2513097392698347
925,140.0,0.25377515,0.00998645168764533,0.2531434712148863,0.7341760666529404
926,98.0,0.19938469,0.00998645168764533,0.6446178267423031,0.2670198367109937
927,134.0,0.24132946,0.00998645168764533,0.5748736502887417,0.5121306560037998
928,131.0,0.23255245,0.00998645168764533,0.3619264800138283,0.27737354056228325
929,128.0,0.22193907,0.00998645168764533,0.6388692685274259,0.652237602562358
930,140.0,0.24729519,0.00998645168764533,0.3906541791523095,0.783976239593637
931,104.0,0.17434487,0.00998645168764533,0.36319330373602743,0.508527537778976
932,104.0,0.16846098,0.00998645168764533,0.2200128918265104,0.3967629236027308
933,140.0,0.2295757,0.00998645168764533,0.4241680596543468,0.7120082686444155
934,134.0,0.25978673,0.00998645168764533,0.6034016010628549,0.25919421202047616
935,140.0,0.24261631,0.00998645168764533,0.6501426394616047,0.3321679498636734
936,122.0,0.21543637,0.00998645168764533,0.30847644224321635,0.2225375541757486
937,134.0,0.21739134,0.00998645168764533,0.5893375559172167,0.5202208809832864
938,113.0,0.20728737,0.00998645168764533,0.19637037984514927,0.7962611535720403
939,140.0,0.23853485,0.00998645168764533,0.48538076335810454,0.6882856385252221
940,140.0,0.23821053,0.00998645168764533,0.4579645812191172,0.5940415569413913
941,131.0,0.22391891,0.00998645168764533,0.5037041833154725,0.20389285482472755
942,158.0,0.26704204,0.00998645168764533,0.753660434251868,0.7141831595697438
943,122.0,0.20782775,0.00998645168764533,0.3555664871380928,0.13597266068912786
944,147.0,0.3002171,0.00998645168764533,0.7691188142732996,0.7654838975845724
945,131.0,0.23476034,0.00998645168764533,0.3279578402680827,0.7502790131459096
946,167.0,0.27491328,0.00998645168764533,0.5163298735210472,0.5966498261218076
947,158.0,0.26535878,0.00998645168764533,0.7558924186890914,0.28337849313900265
948,131.0,0.24272195,0.00998645168764533,0.1771064670704375,0.612885579785681
949,120.0,0.22589839,0.00998645168764533,0.49423118917325903,0.4051120669316798
950,131.0,0.22230652,0.00998645168764533,0.3911066886720308,0.5886625304728013
951,149.0,0.26343253,0.00998645168764533,0.5279493148429364,0.48273969214807677
952,143.0,0.23930563,0.00998645168764533,0.3709464791840068,0.5081405682718342
953,167.0,0.26993993,0.00998645168764533,0.7276413129076986,0.45594479645346475
954,98.0,0.17233963,0.00998645168764533,0.6238883966741987,0.13495417895081702
955,129.0,0.25042558,0.00998645168764533,0.6272552083501637,0.353014911794695
956,152.0,0.26049158,0.00998645168764533,0.6408967981069077,0.5389604646365749
957,149.0,0.2578227,0.00998645168764533,0.7498237363605466,0.7640237134383525
958,122.0,0.20169307,0.00998645168764533,0.1339031452446541,0.5346918837879451
959,149.0,0.27218488,0.00998645168764533,0.5877781423585138,0.6572230222333754
960,158.0,0.2547365,0.00998645168764533,0.7106538441937981,0.6478321740606447
961,122.0,0.20544827,0.00998645168764533,0.460551668385206,0.20964155622293335
962,158.0,0.26088655,0.00998645168764533,0.16947243973523932,0.7020712427348389
963,140.0,0.22470057,0.00998645168764533,0.6704220379901722,0.7328730993620594
964,104.0,0.1765612,0.00998645168764533,0.24695979416010583,0.28530812712284487
965,131.0,0.22261427,0.00998645168764533,0.7865820183518962,0.4976953627508499
966,122.0,0.18881989,0.00998645168764533,0.6074534288280413,0.20397421908218616
967,158.0,0.27180642,0.00998645168764533,0.48156979024322955,0.7109748422151885
968,140.0,0.2449512,0.00998645168764533,0.5490106821017544,0.6175078879277408
969,167.0,0.30209643,0.00998645168764533,0.6184171438855807,0.6183414766964269
970,122.0,0.20728724,0.00998645168764533,0.21062939977750963,0.518273482785746
971,149.0,0.26023772,0.00998645168764533,0.5864369008202864,0.7831482229223093
972,122.0,0.20848309,0.00998645168764533,0.28650534062549443,0.35951687219054596
973,122.0,0.18384023,0.00998645168764533,0.24252217338893486,0.7510598173531086
974,140.0,0.2321308,0.00998645168764533,0.5116015845685714,0.5042831376303063
975,95.0,0.18290287,0.00998645168764533,0.15443429986762894,0.18705693350146774
976,125.0,0.22508422,0.00998645168764533,0.4453687059729229,0.1322906570220846
977,152.0,0.25982213,0.00998645168764533,0.609681167403607,0.6869120752734276
978,158.0,0.285345,0.00998645168764533,0.7986160368449794,0.6741664666760842
979,119.0,0.23742467,0.00998645168764533,0.494572141798412,0.7277235975441001
980,113.0,0.18854454,0.00998645168764533,0.46297249180939937,0.21224549923555186
981,71.0,0.14155173,0.00998645168764533,0.29960451965525864,0.1203371869285844
982,140.0,0.25310695,0.00998645168764533,0.2629485338339004,0.396588963029049
983,167.0,0.28764778,0.00998645168764533,0.741445979210577,0.7301547330497596
984,149.0,0.26700357,0.00998645168764533,0.6007127098922628,0.5188685316057481
985,140.0,0.24146667,0.00998645168764533,0.7294314485384887,0.15369622980832734
986,125.0,0.23405214,0.00998645168764533,0.6258339220797836,0.5358947538589633
987,122.0,0.20507559,0.00998645168764533,0.6601892222649176,0.34732295002804026
988,113.0,0.20878954,0.00998645168764533,0.41535036196322206,0.1641584718769084
989,158.0,0.28323802,0.00998645168764533,0.5974369385044038,0.7000575217069731
990,101.0,0.19638091,0.00998645168764533,0.22323210427437762,0.6948268930386428
991,149.0,0.26153362,0.00998645168764533,0.7970485767623777,0.3914908159918091
992,140.0,0.24282879,0.00998645168764533,0.5832653203823069,0.7153877910946551
993,140.0,0.24912754,0.00998645168764533,0.7119100739888439,0.7358688756068134
994,149.0,0.2511226,0.00998645168764533,0.5519240689229811,0.5104959635230469
995,167.0,0.30286902,0.00998645168764533,0.617346902119012,0.6678813809045039
996,122.0,0.22187255,0.00998645168764533,0.4141143767018146,0.24566608608603951
997,104.0,0.1695827,0.00998645168764533,0.5535775731301319,0.2137001789792211
998,122.0,0.21429053,0.00998645168764533,0.24972156625224812,0.5344950061085766
999,131.0,0.2403055,0.00998645168764533,0.49122735823414865,0.7076050617231684
